date,adj_close
1999-11-12,0.6776
1999-11-19,0.6912
1999-11-26,0.7108
1999-12-03,0.8599
1999-12-10,0.7701
1999-12-17,0.7477
1999-12-23,0.7739
1999-12-31,0.7687
2000-01-07,0.744
2000-01-14,0.751
2000-01-21,0.8323
2000-01-28,0.7598
2000-02-04,0.8075
2000-02-11,0.8131
2000-02-18,0.8318
2000-02-25,0.8252
2000-03-03,0.9571
2000-03-10,0.9402
2000-03-17,0.9346
2000-03-24,1.037
2000-03-31,1.0155
2000-04-07,0.9851
2000-04-14,0.8365
2000-04-20,0.8888
2000-04-28,0.9276
2000-05-05,0.8458
2000-05-12,0.8047
2000-05-19,0.7028
2000-05-26,0.6458
2000-06-02,0.6921
2000-06-09,0.7159
2000-06-16,0.6818
2000-06-23,0.773
2000-06-30,0.7833
2000-07-07,0.8141
2000-07-14,0.8627
2000-07-21,0.8009
2000-07-28,0.7224
2000-08-04,0.7085
2000-08-11,0.7132
2000-08-18,0.7477
2000-08-25,0.8495
2000-09-01,0.9487
2000-09-08,0.8805
2000-09-15,0.8259
2000-09-22,0.7805
2000-09-29,0.3851
2000-10-06,0.3318
2000-10-13,0.3299
2000-10-20,0.2916
2000-10-27,0.2775
2000-11-03,0.3327
2000-11-10,0.285
2000-11-17,0.2767
2000-11-24,0.2888
2000-12-01,0.2551
2000-12-08,0.2252
2000-12-15,0.2103
2000-12-22,0.2243
2000-12-29,0.2225
2001-01-05,0.2448
2001-01-12,0.2571
2001-01-19,0.2916
2001-01-26,0.2925
2001-02-02,0.3084
2001-02-09,0.2859
2001-02-16,0.2841
2001-02-23,0.2813
2001-03-02,0.2879
2001-03-09,0.3028
2001-03-16,0.2934
2001-03-23,0.3439
2001-03-30,0.33
2001-04-06,0.3079
2001-04-12,0.3353
2001-04-20,0.3745
2001-04-27,0.3918
2001-05-04,0.3851
2001-05-11,0.3417
2001-05-18,0.3519
2001-05-25,0.3404
2001-06-01,0.3124
2001-06-08,0.3188
2001-06-15,0.3057
2001-06-22,0.3329
2001-06-29,0.3477
2001-07-06,0.3294
2001-07-13,0.3716
2001-07-20,0.2988
2001-07-27,0.2835
2001-08-03,0.2916
2001-08-10,0.2844
2001-08-17,0.2702
2001-08-24,0.2777
2001-08-31,0.2774
2001-09-07,0.2584
2001-09-10,0.2598
2001-09-21,0.2352
2001-09-28,0.2319
2001-10-05,0.2414
2001-10-12,0.2693
2001-10-19,0.2737
2001-10-26,0.2792
2001-11-02,0.2777
2001-11-09,0.2798
2001-11-16,0.2837
2001-11-23,0.2967
2001-11-30,0.3185
2001-12-07,0.3371
2001-12-14,0.3049
2001-12-21,0.314
2001-12-28,0.3354
2002-01-04,0.3543
2002-01-11,0.3148
2002-01-18,0.3315
2002-01-25,0.3477
2002-02-01,0.365
2002-02-08,0.3593
2002-02-15,0.3574
2002-02-22,0.3401
2002-03-01,0.3507
2002-03-08,0.3688
2002-03-15,0.3731
2002-03-22,0.3602
2002-03-28,0.354
2002-04-05,0.37
2002-04-12,0.3748
2002-04-19,0.3736
2002-04-26,0.3441
2002-05-03,0.3516
2002-05-10,0.3487
2002-05-17,0.374
2002-05-24,0.3611
2002-05-31,0.3484
2002-06-07,0.32
2002-06-14,0.3006
2002-06-21,0.252
2002-06-28,0.265
2002-07-05,0.2802
2002-07-12,0.2617
2002-07-19,0.2237
2002-07-26,0.2144
2002-08-02,0.2161
2002-08-09,0.2243
2002-08-16,0.2364
2002-08-23,0.2352
2002-08-30,0.2206
2002-09-06,0.215
2002-09-13,0.2119
2002-09-20,0.2224
2002-09-27,0.2201
2002-10-04,0.2098
2002-10-11,0.217
2002-10-18,0.2144
2002-10-25,0.2306
2002-11-01,0.2446
2002-11-08,0.2369
2002-11-15,0.2385
2002-11-22,0.2394
2002-11-29,0.2318
2002-12-06,0.2236
2002-12-13,0.2212
2002-12-20,0.2115
2002-12-27,0.2103
2003-01-03,0.2228
2003-01-10,0.2201
2003-01-17,0.2109
2003-01-24,0.2064
2003-01-31,0.2147
2003-02-07,0.2116
2003-02-14,0.2194
2003-02-21,0.2243
2003-02-28,0.2245
2003-03-07,0.2173
2003-03-14,0.221
2003-03-21,0.2243
2003-03-28,0.2179
2003-04-04,0.2155
2003-04-11,0.1974
2003-04-17,0.1962
2003-04-25,0.1996
2003-05-02,0.2161
2003-05-09,0.2737
2003-05-16,0.2811
2003-05-23,0.274
2003-05-30,0.2684
2003-06-06,0.2565
2003-06-13,0.2605
2003-06-20,0.2871
2003-06-27,0.2801
2003-07-03,0.2861
2003-07-11,0.2968
2003-07-18,0.3119
2003-07-25,0.3221
2003-08-01,0.31
2003-08-08,0.2937
2003-08-15,0.2947
2003-08-22,0.3122
2003-08-29,0.3381
2003-09-05,0.3365
2003-09-12,0.3454
2003-09-19,0.3377
2003-09-26,0.3094
2003-10-03,0.3244
2003-10-10,0.3541
2003-10-17,0.3402
2003-10-24,0.338
2003-10-31,0.3423
2003-11-07,0.3365
2003-11-14,0.3209
2003-11-21,0.3033
2003-11-28,0.3127
2003-12-05,0.3118
2003-12-12,0.3124
2003-12-19,0.2946
2003-12-26,0.3107
2004-01-02,0.3182
2004-01-09,0.3439
2004-01-16,0.3398
2004-01-23,0.3374
2004-01-30,0.3374
2004-02-06,0.3396
2004-02-13,0.3439
2004-02-20,0.335
2004-02-27,0.3577
2004-03-05,0.3999
2004-03-12,0.4121
2004-03-19,0.3867
2004-03-26,0.4044
2004-04-02,0.4112
2004-04-08,0.4117
2004-04-16,0.4364
2004-04-23,0.4142
2004-04-30,0.3855
2004-05-07,0.3988
2004-05-14,0.4047
2004-05-21,0.4054
2004-05-28,0.4196
2004-06-04,0.4304
2004-06-10,0.4597
2004-06-18,0.4921
2004-06-25,0.504
2004-07-02,0.4648
2004-07-09,0.4491
2004-07-16,0.4815
2004-07-23,0.4591
2004-07-30,0.4836
2004-08-06,0.4453
2004-08-13,0.4612
2004-08-20,0.4606
2004-08-27,0.5137
2004-09-03,0.5268
2004-09-10,0.5364
2004-09-17,0.5554
2004-09-24,0.5576
2004-10-01,0.5783
2004-10-08,0.5841
2004-10-15,0.6804
2004-10-22,0.709
2004-10-29,0.7836
2004-11-05,0.8183
2004-11-12,0.83
2004-11-19,0.825
2004-11-26,0.9653
2004-12-03,0.9373
2004-12-10,0.9743
2004-12-17,0.9719
2004-12-23,0.9572
2004-12-31,0.963
2005-01-07,1.0356
2005-01-14,1.0498
2005-01-21,1.0541
2005-01-28,1.1063
2005-02-04,1.179
2005-02-11,1.2144
2005-02-18,1.2982
2005-02-25,1.3308
2005-03-04,1.2804
2005-03-11,1.2044
2005-03-18,1.2849
2005-03-24,1.2711
2005-04-01,1.223
2005-04-08,1.3082
2005-04-15,1.0573
2005-04-22,1.0617
2005-04-29,1.0785
2005-05-06,1.1138
2005-05-13,1.0399
2005-05-20,1.1231
2005-05-27,1.2131
2005-06-03,1.1437
2005-06-10,1.071
2005-06-17,1.1458
2005-06-24,1.1293
2005-07-01,1.0917
2005-07-08,1.144
2005-07-15,1.2427
2005-07-22,1.316
2005-07-29,1.2756
2005-08-05,1.2858
2005-08-12,1.3788
2005-08-19,1.3707
2005-08-26,1.368
2005-09-02,1.3824
2005-09-09,1.5346
2005-09-16,1.5316
2005-09-23,1.5911
2005-09-30,1.6034
2005-10-07,1.5343
2005-10-14,1.615
2005-10-21,1.6647
2005-10-28,1.6291
2005-11-04,1.8289
2005-11-11,1.8406
2005-11-18,1.9309
2005-11-25,2.0738
2005-12-02,2.1722
2005-12-09,2.2231
2005-12-16,2.1268
2005-12-23,2.1938
2005-12-30,2.1501
2006-01-06,2.282
2006-01-13,2.5598
2006-01-20,2.2757
2006-01-27,2.1543
2006-02-03,2.1488
2006-02-10,2.0131
2006-02-17,2.1023
2006-02-24,2.1372
2006-03-03,2.0254
2006-03-10,1.8899
2006-03-17,1.9339
2006-03-24,1.7933
2006-03-31,1.8758
2006-04-07,2.0873
2006-04-13,1.988
2006-04-21,2.0051
2006-04-28,2.1052
2006-05-05,2.1501
2006-05-12,2.0248
2006-05-19,1.9294
2006-05-26,1.9006
2006-06-02,1.8441
2006-06-09,1.7801
2006-06-16,1.7215
2006-06-23,1.7595
2006-06-30,1.7128
2006-07-07,1.6569
2006-07-14,1.5155
2006-07-21,1.816
2006-07-28,1.9617
2006-08-04,2.0427
2006-08-11,1.9037
2006-08-18,2.0311
2006-08-25,2.0562
2006-09-01,2.0451
2006-09-08,2.1689
2006-09-15,2.2162
2006-09-22,2.1833
2006-09-29,2.3023
2006-10-06,2.2198
2006-10-13,2.2437
2006-10-20,2.3912
2006-10-27,2.4049
2006-11-03,2.3415
2006-11-10,2.486
2006-11-17,2.5676
2006-11-24,2.7405
2006-12-01,2.7312
2006-12-08,2.6397
2006-12-15,2.6236
2006-12-22,2.4585
2006-12-29,2.5374
2007-01-05,2.5437
2007-01-12,2.8299
2007-01-19,2.6469
2007-01-26,2.5536
2007-02-02,2.5347
2007-02-09,2.4905
2007-02-16,2.5371
2007-02-23,2.6639
2007-03-02,2.5545
2007-03-09,2.631
2007-03-16,2.6795
2007-03-23,2.797
2007-03-30,2.7788
2007-04-05,2.8317
2007-04-13,2.6989
2007-04-20,2.7208
2007-04-27,2.9884
2007-05-04,3.0151
2007-05-11,3.2522
2007-05-18,3.2905
2007-05-25,3.3982
2007-06-01,3.5411
2007-06-08,3.7233
2007-06-15,3.6039
2007-06-22,3.6787
2007-06-29,3.65
2007-07-06,3.9569
2007-07-13,4.1193
2007-07-20,4.2993
2007-07-27,4.3023
2007-08-03,3.9434
2007-08-10,3.7385
2007-08-17,3.6506
2007-08-24,4.0466
2007-08-31,4.1417
2007-09-07,3.941
2007-09-14,4.1516
2007-09-21,4.3113
2007-09-28,4.59
2007-10-05,4.8287
2007-10-12,5.0023
2007-10-19,5.097
2007-10-26,5.5241
2007-11-02,5.6189
2007-11-09,4.9459
2007-11-16,4.9764
2007-11-23,5.1305
2007-11-30,5.4499
2007-12-07,5.8112
2007-12-14,5.6942
2007-12-21,5.7995
2007-12-28,5.9766
2008-01-04,5.385
2008-01-11,5.1649
2008-01-18,4.826
2008-01-25,3.8884
2008-02-01,4.0002
2008-02-08,3.7529
2008-02-15,3.7275
2008-02-22,3.5728
2008-02-29,3.7391
2008-03-07,3.6563
2008-03-14,3.7867
2008-03-20,3.9859
2008-03-28,4.2772
2008-04-04,4.5784
2008-04-11,4.4007
2008-04-18,4.8164
2008-04-25,5.0763
2008-05-02,5.4116
2008-05-09,5.4867
2008-05-16,5.6114
2008-05-23,5.4185
2008-05-30,5.6452
2008-06-06,5.5522
2008-06-13,5.1553
2008-06-20,5.242
2008-06-27,5.0871
2008-07-03,5.088
2008-07-11,5.1616
2008-07-18,4.9394
2008-07-25,4.8487
2008-08-01,4.6854
2008-08-08,5.071
2008-08-15,5.2561
2008-08-22,5.2875
2008-08-29,5.0704
2008-09-05,4.7907
2008-09-12,4.4545
2008-09-19,4.2144
2008-09-26,3.8354
2008-10-03,2.9032
2008-10-10,2.8951
2008-10-17,2.9131
2008-10-24,2.8826
2008-10-31,3.2178
2008-11-07,2.9382
2008-11-14,2.6989
2008-11-21,2.4698
2008-11-28,2.7716
2008-12-05,2.8114
2008-12-12,2.9391
2008-12-19,2.6917
2008-12-26,2.5664
2009-01-02,2.7142
2009-01-09,2.7091
2009-01-16,2.4623
2009-01-23,2.6427
2009-01-30,2.6956
2009-02-06,2.9825
2009-02-13,2.9657
2009-02-20,2.7276
2009-02-27,2.6711
2009-03-06,2.5512
2009-03-13,2.8691
2009-03-20,3.0384
2009-03-27,3.1957
2009-04-03,3.4691
2009-04-09,3.5761
2009-04-17,3.6913
2009-04-24,3.7056
2009-05-01,3.8055
2009-05-08,3.8639
2009-05-15,3.6614
2009-05-22,3.6638
2009-05-29,4.0618
2009-06-05,4.3268
2009-06-12,4.0965
2009-06-19,4.1716
2009-06-26,4.2601
2009-07-02,4.1878
2009-07-10,4.1429
2009-07-17,4.5386
2009-07-24,4.7849
2009-07-31,4.8867
2009-08-07,4.9501
2009-08-14,4.9881
2009-08-21,5.0611
2009-08-28,5.0859
2009-09-04,5.0937
2009-09-11,5.149
2009-09-18,5.5336
2009-09-25,5.4544
2009-10-02,5.53
2009-10-09,5.6966
2009-10-16,5.6243
2009-10-23,6.0995
2009-10-30,5.6377
2009-11-06,5.8124
2009-11-13,6.1148
2009-11-20,5.9793
2009-11-27,5.9993
2009-12-04,5.7819
2009-12-11,5.8222
2009-12-18,5.845
2009-12-24,6.252
2009-12-31,6.3026
2010-01-08,6.34
2010-01-15,6.159
2010-01-22,5.9144
2010-01-29,5.7443
2010-02-05,5.8459
2010-02-12,5.993
2010-02-19,6.0316
2010-02-26,6.1198
2010-03-05,6.5484
2010-03-12,6.7772
2010-03-19,6.6471
2010-03-26,6.9058
2010-04-01,7.0575
2010-04-09,7.2315
2010-04-16,7.3993
2010-04-23,8.1001
2010-04-30,7.8088
2010-05-07,7.0542
2010-05-14,7.5913
2010-05-21,7.2474
2010-05-28,7.6828
2010-06-04,7.6555
2010-06-11,7.5821
2010-06-18,8.1971
2010-06-25,7.9765
2010-07-02,7.3856
2010-07-09,7.7648
2010-07-16,7.4741
2010-07-23,7.7744
2010-07-30,7.6939
2010-08-06,7.7789
2010-08-13,7.4502
2010-08-20,7.4663
2010-08-27,7.2264
2010-09-03,7.7394
2010-09-10,7.8781
2010-09-17,8.2358
2010-09-24,8.7428
2010-10-01,8.4497
2010-10-08,8.7951
2010-10-15,9.4133
2010-10-22,9.1959
2010-10-29,9.0018
2010-11-05,9.4848
2010-11-12,9.2127
2010-11-19,9.1738
2010-11-26,9.4211
2010-12-03,9.4941
2010-12-10,9.5874
2010-12-17,9.5889
2010-12-23,9.6783
2010-12-31,9.6472
2011-01-07,10.0528
2011-01-14,10.4224
2011-01-21,9.7716
2011-01-28,10.0522
2011-02-04,10.3632
2011-02-11,10.6728
2011-02-18,10.4847
2011-02-25,10.4129
2011-03-04,10.767
2011-03-11,10.5274
2011-03-18,9.8898
2011-03-25,10.514
2011-04-01,10.3052
2011-04-08,10.0211
2011-04-15,9.7938
2011-04-21,10.4887
2011-04-29,10.4718
2011-05-06,10.368
2011-05-13,10.1838
2011-05-20,10.0259
2011-05-27,10.0914
2011-06-03,10.2717
2011-06-10,9.7471
2011-06-17,9.5784
2011-06-24,9.7606
2011-07-01,10.2663
2011-07-08,10.7583
2011-07-15,10.9141
2011-07-22,11.7629
2011-07-29,11.6786
2011-08-05,11.1743
2011-08-12,11.2751
2011-08-19,10.6483
2011-08-26,11.4722
2011-09-02,11.1872
2011-09-09,11.2898
2011-09-16,11.9783
2011-09-23,12.0919
2011-09-30,11.4046
2011-10-07,11.0601
2011-10-14,12.6213
2011-10-21,11.7501
2011-10-28,12.1114
2011-11-04,11.9705
2011-11-11,11.5033
2011-11-18,11.2138
2011-11-25,10.8738
2011-12-02,11.6553
2011-12-09,11.7725
2011-12-16,11.3957
2011-12-23,12.0629
2011-12-30,12.1129
2012-01-06,12.6333
2012-01-13,12.5558
2012-01-20,12.5705
2012-01-27,13.3774
2012-02-03,13.7482
2012-02-10,14.7574
2012-02-17,15.0176
2012-02-24,15.6244
2012-03-02,16.3054
2012-03-09,16.3051
2012-03-16,17.5134
2012-03-23,17.8268
2012-03-30,17.9315
2012-04-05,18.9523
2012-04-13,18.1014
2012-04-20,17.1369
2012-04-27,18.0347
2012-05-04,16.9057
2012-05-11,16.9493
2012-05-18,15.8628
2012-05-25,16.8171
2012-06-01,16.7783
2012-06-08,17.3564
2012-06-15,17.1712
2012-06-22,17.4096
2012-06-29,17.4664
2012-07-06,18.1208
2012-07-13,18.0936
2012-07-20,18.0736
2012-07-27,17.5011
2012-08-03,18.4145
2012-08-10,18.6734
2012-08-17,19.4666
2012-08-24,19.9205
2012-08-31,19.9811
2012-09-07,20.4377
2012-09-14,20.7633
2012-09-21,21.028
2012-09-28,20.0372
2012-10-05,19.6012
2012-10-12,18.9141
2012-10-19,18.3171
2012-10-26,18.1417
2012-11-02,17.3248
2012-11-09,16.5095
2012-11-16,15.9246
2012-11-23,17.2471
2012-11-30,17.6629
2012-12-07,16.0928
2012-12-14,15.3849
2012-12-21,15.6727
2012-12-28,15.3787
2013-01-04,15.9041
2013-01-11,15.7019
2013-01-18,15.0893
2013-01-25,13.275
2013-02-01,13.6896
2013-02-08,14.4154
2013-02-15,13.9656
2013-02-22,13.6818
2013-03-01,13.0645
2013-03-08,13.1025
2013-03-15,13.4648
2013-03-22,14.0187
2013-03-28,13.4345
2013-04-05,12.8439
2013-04-12,13.0442
2013-04-19,11.8524
2013-04-26,12.6619
2013-05-03,13.6566
2013-05-10,13.8392
2013-05-17,13.237
2013-05-24,13.6003
2013-05-31,13.7403
2013-06-07,13.4982
2013-06-14,13.1389
2013-06-21,12.6333
2013-06-28,12.1148
2013-07-05,12.753
2013-07-12,13.0308
2013-07-19,12.9831
2013-07-26,13.4732
2013-08-02,14.1316
2013-08-09,13.9763
2013-08-16,15.4488
2013-08-23,15.4085
2013-08-30,14.9839
2013-09-06,15.3224
2013-09-13,14.2976
2013-09-20,14.3748
2013-09-27,14.8466
2013-10-04,14.8552
2013-10-11,15.156
2013-10-18,15.6505
2013-10-25,16.1754
2013-11-01,15.9931
2013-11-08,16.1031
2013-11-15,16.2402
2013-11-22,16.0796
2013-11-29,17.2016
2013-12-06,17.3238
2013-12-13,17.1509
2013-12-20,16.9835
2013-12-27,17.326
2014-01-03,16.7348
2014-01-10,16.4861
2014-01-17,16.7252
2014-01-24,16.8923
2014-01-31,15.4857
2014-02-07,16.1716
2014-02-14,16.9281
2014-02-21,16.3449
2014-02-28,16.3757
2014-03-07,16.5064
2014-03-14,16.3275
2014-03-21,16.582
2014-03-28,16.7062
2014-04-04,16.5494
2014-04-11,16.1694
2014-04-17,16.3353
2014-04-25,17.7978
2014-05-02,18.4401
2014-05-09,18.3231
2014-05-16,18.6976
2014-05-23,19.2177
2014-05-30,19.8081
2014-06-06,20.2015
2014-06-13,19.9947
2014-06-20,19.9136
2014-06-27,20.148
2014-07-03,20.597
2014-07-11,20.8577
2014-07-18,20.6847
2014-07-25,21.3946
2014-08-01,21.057
2014-08-08,20.8558
2014-08-15,21.5691
2014-08-22,22.3043
2014-08-29,22.5641
2014-09-05,21.787
2014-09-12,22.3792
2014-09-19,22.2251
2014-09-26,22.1788
2014-10-03,21.9301
2014-10-10,22.1744
2014-10-17,21.5008
2014-10-24,23.1628
2014-10-31,23.7748
2014-11-07,24.1009
2014-11-14,25.244
2014-11-21,25.7503
2014-11-28,26.2941
2014-12-05,25.4252
2014-12-12,24.2601
2014-12-19,24.7133
2014-12-26,25.2019
2015-01-02,24.1717
2015-01-09,24.7642
2015-01-16,23.4332
2015-01-23,24.9786
2015-01-30,25.9028
2015-02-06,26.3972
2015-02-13,28.2061
2015-02-20,28.7421
2015-02-27,28.5124
2015-03-06,28.0996
2015-03-13,27.4315
2015-03-20,27.9442
2015-03-27,27.356
2015-04-02,27.8155
2015-04-10,28.2105
2015-04-17,27.6889
2015-04-24,28.9164
2015-05-01,28.6212
2015-05-08,28.4436
2015-05-15,28.6999
2015-05-22,29.5401
2015-05-29,29.0364
2015-06-05,28.6731
2015-06-12,28.3433
2015-06-19,28.2162
2015-06-26,28.2496
2015-07-02,28.1806
2015-07-10,27.4763
2015-07-17,28.8893
2015-07-24,27.7482
2015-07-31,27.035
2015-08-07,25.863
2015-08-14,25.9615
2015-08-21,23.6779
2015-08-28,25.3638
2015-09-04,24.4638
2015-09-11,25.5697
2015-09-18,25.3996
2015-09-25,25.6817
2015-10-02,24.7123
2015-10-09,25.1018
2015-10-16,24.86
2015-10-23,26.6601
2015-10-30,26.7541
2015-11-06,27.2199
2015-11-13,25.2592
2015-11-20,26.8242
2015-11-27,26.4891
2015-12-04,26.7635
2015-12-11,25.4481
2015-12-18,23.8405
2015-12-24,24.2902
2015-12-31,23.6673
2016-01-08,21.8011
2016-01-15,21.8393
2016-01-22,22.8039
2016-01-29,21.8865
2016-02-05,21.2539
2016-02-12,21.2471
2016-02-19,21.7105
2016-02-26,21.9072
2016-03-04,23.2861
2016-03-11,23.1166
2016-03-18,23.9439
2016-03-24,23.8874
2016-04-01,24.864
2016-04-08,24.5633
2016-04-15,24.8323
2016-04-22,23.8897
2016-04-29,21.1906
2016-05-06,21.0881
2016-05-13,20.5877
2016-05-20,21.6567
2016-05-27,22.8235
2016-06-03,22.2708
2016-06-10,22.4778
2016-06-17,21.6817
2016-06-24,21.2428
2016-07-01,21.8091
2016-07-08,21.9888
2016-07-15,22.4664
2016-07-22,22.4391
2016-07-29,23.7014
2016-08-05,24.5767
2016-08-12,24.7368
2016-08-19,25.0066
2016-08-26,24.4532
2016-09-02,24.6339
2016-09-09,23.582
2016-09-16,26.278
2016-09-23,25.7726
2016-09-30,25.8504
2016-10-07,26.0813
2016-10-14,26.8976
2016-10-21,26.6621
2016-10-28,26.0036
2016-11-04,25.0169
2016-11-11,24.9226
2016-11-18,25.2973
2016-11-25,25.6949
2016-12-02,25.2605
2016-12-09,26.1914
2016-12-16,26.6557
2016-12-23,26.7821
2016-12-30,26.6212
2017-01-06,27.1016
2017-01-13,27.3613
2017-01-20,27.582
2017-01-27,28.0302
2017-02-03,29.669
2017-02-10,30.4985
2017-02-17,31.3295
2017-02-24,31.5465
2017-03-03,32.2667
2017-03-10,32.119
2017-03-17,32.3152
2017-03-24,32.4652
2017-03-31,33.1624
2017-04-07,33.0885
2017-04-13,32.5599
2017-04-21,32.8415
2017-04-28,33.1601
2017-05-05,34.3858
2017-05-12,36.1815
2017-05-19,35.4768
2017-05-26,35.6043
2017-06-02,36.0308
2017-06-09,34.5312
2017-06-16,32.9759
2017-06-23,33.9054
2017-06-30,33.3815
2017-07-07,33.4186
2017-07-14,34.5451
2017-07-21,34.8302
2017-07-28,34.6517
2017-08-04,36.2487
2017-08-11,36.6494
2017-08-18,36.654
2017-08-25,37.2033
2017-09-01,38.1784
2017-09-08,36.917
2017-09-15,37.2079
2017-09-22,35.3485
2017-09-29,35.8674
2017-10-06,36.142
2017-10-13,36.5354
2017-10-20,36.3631
2017-10-27,37.9457
2017-11-03,40.1449
2017-11-10,40.7965
2017-11-17,39.7408
2017-11-24,40.8666
2017-12-01,39.951
2017-12-08,39.5586
2017-12-15,40.633
2017-12-22,40.8759
2017-12-29,39.5259
2018-01-05,40.8736
2018-01-12,41.3618
2018-01-19,41.6817
2018-01-26,40.0585
2018-02-02,37.4869
2018-02-09,36.6788
2018-02-16,40.4356
2018-02-23,41.1555
2018-03-02,41.322
2018-03-09,42.2061
2018-03-16,41.7464
2018-03-23,38.6791
2018-03-29,39.3451
2018-04-06,39.4858
2018-04-13,40.9749
2018-04-20,38.862
2018-04-27,38.0647
2018-05-04,43.1089
2018-05-11,44.3963
2018-05-18,43.8596
2018-05-25,44.394
2018-06-01,44.7848
2018-06-08,45.1285
2018-06-15,44.4552
2018-06-22,43.5324
2018-06-29,43.5771
2018-07-06,44.2504
2018-07-13,45.0414
2018-07-20,45.0673
2018-07-27,44.959
2018-08-03,48.9633
2018-08-10,49.0269
2018-08-17,51.4011
2018-08-24,51.0656
2018-08-31,53.7753
2018-09-07,52.2799
2018-09-14,52.88
2018-09-21,51.42
2018-09-28,53.3288
2018-10-05,52.9863
2018-10-12,52.4713
2018-10-19,51.8098
2018-10-26,51.0987
2018-11-02,49.0151
2018-11-09,48.4731
2018-11-16,45.8796
2018-11-23,40.8443
2018-11-30,42.3355
2018-12-07,39.9435
2018-12-14,39.2299
2018-12-21,35.7331
2018-12-28,37.037
2019-01-04,35.1476
2019-01-11,36.103
2019-01-18,37.1769
2019-01-25,37.3997
2019-02-01,39.4764
2019-02-08,40.5717
2019-02-15,40.5741
2019-02-22,41.1812
2019-03-01,41.6573
2019-03-08,41.1669
2019-03-15,44.312
2019-03-22,45.4857
2019-03-29,45.2238
2019-04-05,46.9023
2019-04-12,47.3475
2019-04-18,48.5355
2019-04-26,48.6403
2019-05-03,50.414
2019-05-10,47.1285
2019-05-17,45.1734
2019-05-24,42.7761
2019-05-31,41.8439
2019-06-07,45.4482
2019-06-14,46.0673
2019-06-21,47.5109
2019-06-28,47.3053
2019-07-05,48.8135
2019-07-12,48.5912
2019-07-19,48.4215
2019-07-26,49.6524
2019-08-02,48.7633
2019-08-09,48.2232
2019-08-16,49.5452
2019-08-23,48.619
2019-08-30,50.0826
2019-09-06,51.1671
2019-09-13,52.4843
2019-09-20,52.2396
2019-09-27,52.5011
2019-10-04,54.4661
2019-10-11,56.6734
2019-10-18,56.7214
2019-10-25,59.1615
2019-11-01,61.3784
2019-11-08,62.6002
2019-11-15,63.9526
2019-11-22,62.9948
2019-11-29,64.3111
2019-12-06,65.1437
2019-12-13,66.2122
2019-12-20,67.2445
2019-12-27,69.7375
2020-01-03,71.5736
2020-01-10,74.6779
2020-01-17,76.6993
2020-01-24,76.5982
2020-01-31,74.4806
2020-02-07,77.1974
2020-02-14,78.3842
2020-02-21,75.5137
2020-02-28,65.9397
2020-03-06,69.7196
2020-03-13,67.0517
2020-03-20,55.2971
2020-03-27,59.7597
2020-04-03,58.2327
2020-04-09,64.6443
2020-04-17,68.2168
2020-04-24,68.2578
2020-05-01,69.7292
2020-05-08,75.0071
2020-05-15,74.4218
2020-05-22,77.1258
2020-05-29,76.896
2020-06-05,80.1756
2020-06-12,81.9412
2020-06-19,84.5822
2020-06-26,85.5279
2020-07-02,88.0626
2020-07-10,92.7957
2020-07-17,93.1899
2020-07-24,89.5984
2020-07-31,102.7989
2020-08-07,107.6917
2020-08-14,111.3698
2020-08-21,120.541
2020-08-28,120.9651
2020-09-04,117.236
2020-09-11,108.5519
2020-09-18,103.5507
2020-09-25,108.8232
2020-10-02,109.5405
2020-10-09,113.3688
2020-10-16,115.3557
2020-10-23,111.4983
2020-10-30,105.5085
2020-11-06,115.2346
2020-11-13,115.788
2020-11-20,113.9239
2020-11-27,113.1957
2020-12-04,118.6909
2020-12-11,118.8463
2020-12-18,122.9677
2020-12-24,128.128
2020-12-31,128.827
2021-01-08,128.2056
2021-01-15,123.4386
2021-01-22,135.0213
2021-01-29,128.1183
2021-02-05,132.9775
2021-02-12,131.626
2021-02-19,126.2781
2021-02-26,117.9062
2021-03-05,118.0618
2021-03-12,117.6826
2021-03-19,116.6714
2021-03-26,117.8576
2021-04-01,119.5981
2021-04-09,129.3167
2021-04-16,130.4495
2021-04-23,130.605
2021-04-30,127.8241
2021-05-07,126.8226
2021-05-14,124.1344
2021-05-21,122.167
2021-05-28,121.3683
2021-06-04,122.615
2021-06-11,124.037
2021-06-18,127.0661
2021-06-25,129.6472
2021-07-02,136.319
2021-07-09,141.335
2021-07-16,142.5817
2021-07-23,144.6952
2021-07-30,142.0655
2021-08-06,142.5525
2021-08-13,145.4398
2021-08-20,144.5521
2021-08-27,144.9521
2021-09-03,150.5122
2021-09-10,145.313
2021-09-17,142.4744
2021-09-24,143.3133
2021-10-01,139.1481
2021-10-08,139.392
2021-10-15,141.2844
2021-10-22,145.0399
2021-10-29,146.1226
2021-11-05,147.7809
2021-11-12,146.5207
2021-11-19,156.8365
2021-11-26,153.183
2021-12-03,158.0966
2021-12-10,175.2993
2021-12-17,167.1815
2021-12-23,172.2026
2021-12-31,173.4628
2022-01-07,168.1877
2022-01-14,169.0669
2022-01-21,158.6535
2022-01-28,166.3903
2022-02-04,168.6175
2022-02-11,164.9496
2022-02-18,163.6389
2022-02-25,161.2425
2022-03-04,159.5993
2022-03-11,151.344
2022-03-18,160.3916
2022-03-25,170.8965
2022-04-01,170.4955
2022-04-08,166.3679
2022-04-14,161.6729
2022-04-22,158.2495
2022-04-29,154.2001
2022-05-06,154.0632
2022-05-13,144.1012
2022-05-20,134.7759
2022-05-27,146.5794
2022-06-03,142.4065
2022-06-10,134.3253
2022-06-17,128.8692
2022-06-24,138.7626
2022-07-01,136.0885
2022-07-08,144.0326
2022-07-15,147.0986
2022-07-22,150.9384
2022-07-29,159.1862
2022-08-05,162.1934
2022-08-12,168.8145
2022-08-19,168.2456
2022-08-26,160.4964
2022-09-02,152.8355
2022-09-09,154.3657
2022-09-16,147.8231
2022-09-23,147.5582
2022-09-30,135.5617
2022-10-07,137.4156
2022-10-14,135.7383
2022-10-21,144.4586
2022-10-28,152.7669
2022-11-04,135.9639
2022-11-11,147.0862
2022-11-18,148.6485
2022-11-25,145.524
2022-12-02,145.2292
2022-12-09,139.6779
2022-12-16,132.1614
2022-12-23,129.5577
2022-12-30,127.6614
2023-01-06,127.3568
2023-01-13,132.4071
2023-01-20,135.4628
2023-01-27,143.3821
2023-02-03,151.8024
2023-02-10,148.5993
2023-02-17,150.1148
2023-02-24,144.368
2023-03-03,148.619
2023-03-10,146.1294
2023-03-17,152.5256
2023-03-24,157.6918
2023-03-31,162.2676
2023-04-06,162.0314
2023-04-14,162.5727
2023-04-21,162.3857
2023-04-28,166.9713
2023-05-05,170.7992
2023-05-12,170.0513
2023-05-19,172.6035
2023-05-26,172.8696
2023-06-02,178.309
2023-06-09,178.3189
2023-06-16,182.2211
2023-06-23,183.9554
2023-06-30,191.139
2023-07-07,187.897
2023-07-14,187.9069
2023-07-21,189.1386
2023-07-28,192.9718
2023-08-04,179.3338
2023-08-11,175.4316
2023-08-18,172.1754
2023-08-25,176.2408
2023-09-01,186.9468
2023-09-08,175.8165
2023-09-15,172.6885
2023-09-22,172.4714
2023-09-29,168.9389
2023-10-06,175.1356
2023-10-13,176.4776
2023-10-20,170.5868
2023-10-27,165.9886
2023-11-03,174.3068
2023-11-10,184.1642
2023-11-17,187.4148
2023-11-24,187.6914
2023-12-01,188.9462
2023-12-08,193.3626
2023-12-15,195.2003
2023-12-22,191.2779
2023-12-29,190.2207
2024-01-05,179.0069
2024-01-12,183.69
2024-01-19,189.2624
2024-01-26,190.112
2024-02-02,183.6208
2024-02-09,186.822
2024-02-16,180.3522
2024-02-23,180.56
2024-03-01,177.7307
2024-03-08,168.8966
2024-03-15,170.7663
2024-03-22,170.4299
2024-03-28,169.6385
2024-04-05,167.7589
2024-04-12,174.6541
2024-04-19,163.2281
2024-04-26,167.4819
2024-05-03,181.4107
2024-05-10,181.3316
2024-05-17,188.0876
2024-05-24,188.1965
2024-05-31,190.4452
2024-06-07,195.0417
2024-06-14,210.4952
2024-06-21,205.5421
2024-06-28,208.6428
2024-07-05,224.2152
2024-07-12,228.3758
2024-07-19,222.2042
2024-07-26,215.9139
2024-08-02,217.796
2024-08-09,214.21
2024-08-16,224.1853
2024-08-23,224.9687
2024-08-30,227.1109
2024-09-06,218.9984
2024-09-13,220.6646
2024-09-20,226.3175
2024-09-27,225.9109
2024-10-04,224.9291
2024-10-11,225.6729
2024-10-18,233.0614
2024-10-25,229.501
2024-11-01,221.0712
2024-11-08,225.3357
2024-11-15,223.3897
2024-11-22,228.2249
2024-11-29,235.6315
2024-12-06,241.102
2024-12-13,246.3542
2024-12-20,252.6687
2024-12-27,253.7608
2025-01-03,241.6183
2025-01-10,235.1549
2025-01-17,228.3341
2025-01-24,221.1856
2025-01-31,234.311
2025-02-07,226.0009
2025-02-14,243.1161
2025-02-21,244.0604
2025-02-28,240.3729
2025-03-07,237.6197
2025-03-14,212.1949
2025-03-21,216.9459
2025-03-28,216.5781
2025-04-04,187.2372
2025-04-11,196.9479
2025-04-17,195.785
2025-04-25,208.0104
2025-05-02,204.1043
2025-05-09,197.3256
2025-05-16,210.2374
2025-05-23,194.3248
2025-05-30,199.8778
2025-06-06,202.9329
2025-06-13,195.4991
2025-06-20,200.0271
2025-06-27,200.1067
2025-07-03,212.5163
2025-07-11,210.1379
2025-07-18,210.1578
2025-07-25,212.8447
2025-08-01,201.4004
2025-08-08,228.2398
2025-08-15,230.7328
2025-08-22,226.9169
2025-08-29,231.2807
2025-09-05,238.8028
2025-09-12,233.2036
2025-09-19,244.5913
2025-09-26,254.5144
2025-10-03,257.0649
2025-10-10,244.3621
2025-10-17,251.3561
2025-10-24,261.8472
2025-10-31,269.3692
2025-11-07,267.4762
2025-11-14,271.6636
2025-11-21,270.7461
2025-11-28,278.0859
2025-12-05,278.0161
2025-12-12,277.5175
2025-12-19,272.9201
2025-12-26,272.6508
2026-01-02,270.2674
2026-01-09,258.6593
2026-01-16,254.8298
2026-01-23,247.3603
2026-01-30,258.769
2026-02-06,277.3579
2026-02-13,255.3206
2026-02-20,264.1048
2026-02-27,263.7055
2026-03-06,256.9976
2026-03-13,249.6708
2026-03-20,247.5446
2026-03-27,248.3532
2026-04-02,255.4604
2026-04-10,260.0122
2026-04-17,269.7447
2026-04-24,270.5732
2026-05-01,279.6369
2026-05-08,292.7932
2026-05-15,299.9673
2026-05-22,308.5497
2026-05-29,311.7869
2026-06-05,307.071
2026-06-12,290.8752
2026-06-18,297.7492
2026-06-26,283.5317
2026-07-02,308.3599
2026-07-10,315.0441
2026-07-17,333.4479
2026-07-24,332.7286
2026-07-31,308.6397
2026-08-07,313.0558
2026-08-14,305.93
2026-08-18,310.03
